{"Particulars":0,"Frequency":null,"Unit":null,"3-1993":null,"3-1994":0,"3-1995":0,"3-1996":0,"3-1997":0,"3-1998":0,"3-1999":0,"3-2000":0,"3-2001":0,"3-2002":0,"3-2003":0,"3-2004":0,"3-2005":0,"3-2006":274.0616,"3-2007":321.3505,"3-2008":400.6975,"3-2009":396.493,"3-2010":328.0361,"3-2011":339.95822400000003,"3-2012":396.62188319999996,"3-2013":419.033816,"3-2014":397.28}